Fast-Tracking COVID-19 Research/-/FREE WebinarThursday, March 25, 2021
9:00 - 11:00 Eastern Time (2:00 - 4:00 PM CET)Register NowThe COVID-19 pandemic necessitates rapid research to characterize SARS-CoV-2, understand host-pathogen interactions, and develop functional vaccines and therapeutics. Scientists working on this problem use innovative technologies to study molecular interactions essential for viral infection, which then guides drug and vaccine development. In this webinar sponsored by Sartorius, Dmitri Svergun, Pedro Beltrao, and Christian Loew will discuss how they fast-track COVID-19 virology research by identifying molecular targets and assessing their structure and function for antiviral therapies.Topics to be coveredRegister NowMeet the speakersPedro Beltrao, PhD
Group Leader
European Molecular Biology Laboratory (EMBL)
European Bioinformatics Institute (EMBL-EBI)
Wellcome Genome Campus, Cambridge, UKDmitri Svergun, PhD
Group Leader and Senior Scientist
European Molecular Biology Laboratory (EMBL), Hamburg Unit
Deutsches Elektronen Synchrotron (DESY)Christian Löw, PhD
Group Leader
European Molecular Biology Laboratory (EMBL), Hamburg Unit
Deutsches Elektronen Synchrotron (DESY)
