Timeline: When Bad Research Changes Public Health Strategy/-/ABOVE: © ISTOCK.COM, BORISLAV; © ISTOCK.COM, EDEVARDE_MOREIRA; WIKIMEDIA, THE WORLD HEALTH ORGANIZATION
S
urgisphere Corporation had a busy few months in 2020, overseeing the launch of a new website, the publication of high-impact papers on treatments and outcomes in COVID-19 patients, and eventually a collapse of its reputation.
© ISTOCK.COM, BORISLAV; © ISTOCK.COM, EDEVARDE_MOREIRA; WIKIMEDIA, THE WORLD HEALTH ORGANIZATION
Read the full story.
