Beyond Acute Respiration: SARS-CoV-2's Effects on Long-Term Physiology/-/FREE WebinarTuesday, December 15, 2020
2:30 - 4:00 PM, Eastern Standard TimeRegister NowWhile primarily a respiratory ailment, COVID-19 also influences other major physiological systems. In particular, growing evidence shows that SARS-CoV-2 infection has pronounced effects on cardiovascular and neurological health. In this webinar from The Scientist, John Connolly and Masataka Nishiga will discuss SARS-CoV-2's relationship with the cardiovascular and neurological systems and how these effects influence diagnosis and treatment.Topics to be coveredRegister NowMeet the Speakers:John Connolly, PhD
Professor and Director
ARiEAL Research Centre
McMaster UniversityMasataka Nishiga, MD, PhD
Postdoctoral Research Fellow
Joseph Wu Laboratory
Cardiovascular Institute
Stanford University School of Medicine