Rapid Characterization of the SARS-CoV-2 Immune Response Using the Simple Western Multi-Antigen Serology Assay/-/FREE WebinarTuesday, November 17, 2020
12:00 - 1:00 PM, Eastern TimeRegister NowThe COVID-19 pandemic creates a need to better understand the SARS-CoV-2 immune response, including variability amongst individual human samples, temporal changes, and differences in vaccinated vs. natural immune responses. Using Simple Western automated hands-free western blotting platforms, scientists can rapidly perform SARS-CoV-2 antigen-down serology assays. The Simple Western SARS-CoV-2 Multi-Antigen Assay Module quantitatively characterizes serum or plasma human IgG antibodies reactive to five SARS-CoV-2 antigens within a 3-hour run and provides information-rich views into antibody binding profiles across individual human samples or over time. In this webinar brought to you by ProteinSimple, scientists at RAIN Incubator will present insights acquired using the Simple Western SARS-CoV-2 Multi-Antigen Assay to quickly compare human immune responses to five key viral antigens across a wide range of sample types, temporal serum draws, and dilutions.Topics to be coveredRegister NowSpeakersPaul Johnson
Product Manager
Strategy and New Product Development
ProteinSimple, a Bio-Techne brandFeatured SpeakerShah A. K. Mohamed Bakhash
Research Assistant
RAIN Incubator