Longitudinal Immune Profiling Reveals Key Immune Signatures Associated with COVID-19/-/FREE WebinarTuesday, October 6, 2020
2:30 - 4:00 PM, Eastern Standard TimeRegister NowExaggerated immune responses contribute to COVID-19 pathogenesis. However, the specific cellular mediators and inflammatory components driving diverse clinical disease outcomes remain poorly understood. In this webinar sponsored by Advanced Cell Diagnostics (ACD), Madhvi Menon will describe the longitudinal immune profiling of hospitalized patients during the peak of the COVID-19 pandemic in the UK and the key immune signatures that associated with disease severity. Additionally, Jyoti Phatak-Sheldon will describe what researchers can learn about COVID-19 using ACD’s RNAscope in situ hybridization technology with RNA probes specific for SARS-CoV-2.Topics to be coveredRegister NowMeet the speakers:Madhvi Menon, PhD
Presidential Research Fellow
School of Biological Sciences
University of ManchesterJyoti Phatak-Sheldon
Associate Scientist, Applications
Advanced Cell Diagnostics, a Bio-Techne Brand
