Infographic: What is ME/CFS?/-/P
eople with myalgic encephalomyelitis/chronic fatigue syndrome (ME/CFS) suffer from a chronic, debilitating fatigue that can leave them unable to maintain a job or take part in normal activities. Because of the condition’s unclear pathology and root causes, the disease was long dismissed as a psychiatric illness by doctors and ignored by researchers. Today, it’s estimated that 836,000 to 2.5 million Americans suffer from the disease—the vast majority of them undiagnosed—and that the illness costs billions annually in medical bills and lost incomes.  Below are the diagnostic criteria for the disease, according to the National Academy of Medicine. Scientists still don’t know what causes ME/CFS, which has hampered efforts to develop treatments and diagnostic tests for the disease. However, there are several factors that appear to be involved.Viral infections:
T. Pendergrast et al., “Housebound versus nonhousebound patients with myalgic encephalomyelitis and chronic fatigue syndrome,” Chronic Illn, 12:292–307, 2016.Immune system:
A.H. Mandarano et al., “Myalgic encephalomyelitis/chronic fatigue syndrome patients exhibit altered T cell metabolism and cytokine associations,” J Clin Invest, 130:1491–505, 2020.Energy and metabolism:
E. Sweetman et al., “A SWATH-MS analysis of myalgic encephalomyelitis/chronic fatigue syndrome peripheral blood mononuclear cell proteomes reveals mitochondrial dysfunction,” J Transl Med, 18:365, 2020.Nervous system:
J.L. Newton et al., “Symptoms of autonomic dysfunction in chronic fatigue syndrome,” QJM: Int J Med, 100:519–26, 2007.R.M. Escorihuela et al., “Reduced heart rate variability predicts fatigue severity in individuals with chronic fatigue syndrome/myalgic encephalomyelitis,” J Transl Med, 18:4, 2020.Genetic factors:
D. Buchwald et al., “A twin study of chronic fatigue,” Psychosom Med, 63:936–43, 2001. 
