Improving COVID-19 Treatment & Vaccine Development by Modulating the Immune Response: Applying Single-Cell Proteomics /-/FREE WebinarThursday, July 2, 2020
3:30 - 5:00 PM, Eastern Standard TimeRegister NowSeveral biotech and pharmaceutical companies have joined forces to investigate the molecular mechanisms of SARS-CoV-2 infection and to identify targets for medicines and vaccines. As members of the Seattle Consortium, IsoPlexis, Merck, and the Institute for Systems Biology play key roles in the search for COVID-19 prognostic immune biomarkers. In this webinar sponsored by IsoPlexis, James Heath from the Institute for Systems Biology and Stacey Willard from IsoPlexis will discuss how functional phenotyping individual immune cells using IsoPlexis technology edges researchers closer to predicting the risk for severe disease.Topics to be coveredRegister NowMeet the Speakers:James R. Heath, PhD
President and Professor
Institute for Systems Biology, SeattleStacey Willard, PhD
Product Manager
IsoPlexis
